﻿<?xml version="1.0" encoding="utf-8"?>
<BelgeImza xmlns:tipler="urn:dpt:eyazisma:schema:xsd:Tipler-1" xmlns="urn:dpt:eyazisma:schema:xsd:BelgeImza-1">
  <tipler:ImzaListesi>
    <tipler:Imza>
      <tipler:Imzalayan>
        <tipler:Kisi>
          <tipler:IlkAdi>SELAHATTİN BERK</tipler:IlkAdi>
          <tipler:Soyadi>OKUTANSOY</tipler:Soyadi>
        </tipler:Kisi>
        <tipler:TCKN>23825001618</tipler:TCKN>
      </tipler:Imzalayan>
    </tipler:Imza>
  </tipler:ImzaListesi>
</BelgeImza>