﻿<?xml version="1.0" encoding="utf-8"?>
<NihaiOzet xmlns:xsd="http://www.w3.org/2001/XMLSchema" xmlns:xsi="http://www.w3.org/2001/XMLSchema-instance" Id="AE349527-97EB-4576-A6FB-AECE5AD48A51" xmlns="urn:dpt:eyazisma:schema:xsd:NihaiOzet-2">
  <Reference URI="/Ustveri/Ustveri.xml" Type="http://eyazisma.dpt/bilesen#dahili" xmlns="urn:dpt:eyazisma:schema:xsd:PaketOzeti-2">
    <DigestItem>
      <DigestMethod Algorithm="http://www.w3.org/2001/04/xmldsig-more#sha384" />
      <DigestValue>VVhFwMAd8HgzJDsko+upPK4GCWR4dkkr54uqnTxwurdseNYL+ZzwtIrJxlP17/3h</DigestValue>
    </DigestItem>
    <DigestItem>
      <DigestMethod Algorithm="http://www.w3.org/2001/04/xmlenc#sha512" />
      <DigestValue>CjpoywSBf8TDajDtT/b0/QEGu0PTRskPdShFzoPgQduhVcAbU7g0t4SfjDzXwHtXXYVBB1bGUy6IVo9Ko10JAA==</DigestValue>
    </DigestItem>
  </Reference>
  <Reference URI="/UstYazi/ustyazi.pdf" Type="http://eyazisma.dpt/bilesen#dahili" xmlns="urn:dpt:eyazisma:schema:xsd:PaketOzeti-2">
    <DigestItem>
      <DigestMethod Algorithm="http://www.w3.org/2001/04/xmldsig-more#sha384" />
      <DigestValue>tmgZhOhTceZ4I9tM5zIV88Hp5p0CmJ5N/BWFIPVj/C+mKk8ganY9eAZLsLd56UdA</DigestValue>
    </DigestItem>
    <DigestItem>
      <DigestMethod Algorithm="http://www.w3.org/2001/04/xmlenc#sha512" />
      <DigestValue>BsZd2kNp7WGCISi+19NI4nKNfDjDRIFY0krUgueXN6q00yS5saMdFon9c0kNqwXgWnKB+lhca4oqOofl9Ml/dQ==</DigestValue>
    </DigestItem>
  </Reference>
  <Reference URI="/PaketOzeti/PaketOzeti.xml" Type="http://eyazisma.dpt/bilesen#dahili" xmlns="urn:dpt:eyazisma:schema:xsd:PaketOzeti-2">
    <DigestItem>
      <DigestMethod Algorithm="http://www.w3.org/2001/04/xmldsig-more#sha384" />
      <DigestValue>+Ldqwj8pJGQOnjYkcld22bWo8jeCqm3fYzgfV8l1yiMKwpdVUTud0+AC8kGQx03S</DigestValue>
    </DigestItem>
    <DigestItem>
      <DigestMethod Algorithm="http://www.w3.org/2001/04/xmlenc#sha512" />
      <DigestValue>f0EldG6JiLLMI6LVgD/j2yRSdsLl64vIMuQuhIA8EBO3B2yL2cPCrLJ7sAY/rS2hmpXD9DTWFWBAraJIB9EGyw==</DigestValue>
    </DigestItem>
  </Reference>
  <Reference URI="/Imzalar/ImzaCades.imz" Type="http://eyazisma.dpt/bilesen#dahili" xmlns="urn:dpt:eyazisma:schema:xsd:PaketOzeti-2">
    <DigestItem>
      <DigestMethod Algorithm="http://www.w3.org/2001/04/xmldsig-more#sha384" />
      <DigestValue>8NdARUPhegGUwm+gX1xqq1DjpoYhoc0XtDqwnhvm+AhI18ZdBZk1uWlGD3jNFc3t</DigestValue>
    </DigestItem>
    <DigestItem>
      <DigestMethod Algorithm="http://www.w3.org/2001/04/xmlenc#sha512" />
      <DigestValue>xe6BYYxqRo8dyGEZmPDgZvyYfCjM+2mcs9PFPFg5CLgIjvz52QKGFZGq2wP+dTvQVlQ/lichlZ9Y8NKcM21o5g==</DigestValue>
    </DigestItem>
  </Reference>
  <Reference URI="/NihaiUstveri/NihaiUstveri.xml" Type="http://eyazisma.dpt/bilesen#dahili" xmlns="urn:dpt:eyazisma:schema:xsd:PaketOzeti-2">
    <DigestItem>
      <DigestMethod Algorithm="http://www.w3.org/2001/04/xmldsig-more#sha384" />
      <DigestValue>fnCh54KmsjYragC5rR09WVawRLPSz+MRDzslTq93X5GQuP0EgUyUwSQlitoAGxrF</DigestValue>
    </DigestItem>
    <DigestItem>
      <DigestMethod Algorithm="http://www.w3.org/2001/04/xmlenc#sha512" />
      <DigestValue>+HLaoz4iZU1K/s66QFLzVph11xTZx+hOI/TmPavd0EXyflICDSryjZKgTL3p20Zd3IRJb7XoQW0xDAwcfXUioA==</DigestValue>
    </DigestItem>
  </Reference>
  <Reference URI="/package/services/metadata/core-properties/7edb418d671b4ffcb49ad740625e0bf6.psmdcp" Type="http://eyazisma.dpt/bilesen#dahili" xmlns="urn:dpt:eyazisma:schema:xsd:PaketOzeti-2">
    <DigestItem>
      <DigestMethod Algorithm="http://www.w3.org/2001/04/xmldsig-more#sha384" />
      <DigestValue>yEkjrznuzHCYaHkDAdgbk9akOrSH6pTqDp9FkhqNWjOIOsHYynuLzi4muK1ZgHEt</DigestValue>
    </DigestItem>
    <DigestItem>
      <DigestMethod Algorithm="http://www.w3.org/2001/04/xmlenc#sha512" />
      <DigestValue>NmAJWX8DpOSIURMvsv+CFO2eGmVoCo4ZCsujBpC5oVQv5fFZcQ4dOgYf2KqzfbIq7YJPgPysJSoZfu2aa3qbTQ==</DigestValue>
    </DigestItem>
  </Reference>
</NihaiOzet>