﻿<?xml version="1.0" encoding="utf-8"?>
<UstVeri xmlns:tipler="urn:dpt:eyazisma:schema:xsd:Tipler-2" xmlns="urn:dpt:eyazisma:schema:xsd:Ustveri-2">
  <tipler:BelgeId>A8DCAAD7-A2D7-4A62-AAF3-57288AA5410A</tipler:BelgeId>
  <tipler:Konu languageID="tur">Bilgi İstemi</tipler:Konu>
  <tipler:GuvenlikKodu>YOK</tipler:GuvenlikKodu>
  <tipler:GuvenlikKoduGecerlilikTarihi>2034-01-09T11:31:31.082984</tipler:GuvenlikKoduGecerlilikTarihi>
  <tipler:MimeTuru>application/pdf</tipler:MimeTuru>
  <tipler:OzId schemeID="GUID">A8DCAAD7-A2D7-4A62-AAF3-57288AA5410A</tipler:OzId>
  <tipler:DagitimListesi>
    <tipler:Dagitim>
      <tipler:KurumKurulus>
        <tipler:KKK>36739490</tipler:KKK>
        <tipler:Adi languageID="tur">TOKAT İCRA HUKUK MAHKEMESİ HAKİMLİĞİ</tipler:Adi>
        <tipler:IletisimBilgisi>
          <tipler:KepAdresi>adaletbakanligi@hs01.kep.tr</tipler:KepAdresi>
          <tipler:Adres languageID="tur">TOKAT MERKEZ İLÇE/TOKAT</tipler:Adres>
          <tipler:Il languageID="tur">Tokat</tipler:Il>
          <tipler:Ilce languageID="tur">Almus</tipler:Ilce>
          <tipler:Ulke languageID="tur">Türkiye</tipler:Ulke>
        </tipler:IletisimBilgisi>
      </tipler:KurumKurulus>
      <tipler:Ivedilik>NRM</tipler:Ivedilik>
      <tipler:DagitimTuru>BLG</tipler:DagitimTuru>
    </tipler:Dagitim>
  </tipler:DagitimListesi>
  <tipler:Ilgiler>
    <tipler:Ilgi>
      <tipler:Id Value="5D8F2B13-92C9-4A54-9AC1-F145B20F97B2" />
      <tipler:BelgeNo>E-83938013-000-233483153</tipler:BelgeNo>
      <tipler:Tarih>2024-01-05T12:23:04.129986</tipler:Tarih>
      <tipler:Etiket>a</tipler:Etiket>
      <tipler:Ad languageID="tur">Tokat İcra Hukuk Mahkemesi [2023/348] [Bilgi İstemi,]</tipler:Ad>
      <tipler:Aciklama languageID="tur" />
      <tipler:OzId schemeID="GUID">01e29da6-6dd7-43c4-b958-1bd20122644b</tipler:OzId>
    </tipler:Ilgi>
  </tipler:Ilgiler>
  <tipler:Dil>tur</tipler:Dil>
  <tipler:Olusturan>
    <tipler:KurumKurulus>
      <tipler:KKK>26848227</tipler:KKK>
      <tipler:Adi languageID="tur">TOKAT İDARİ HİZMETLER BİRİMİ</tipler:Adi>
      <tipler:IletisimBilgisi>
        <tipler:EPosta>tokat@saglik.gov.tr</tipler:EPosta>
        <tipler:KepAdresi>tokatsaglik@hs01.kep.tr</tipler:KepAdresi>
        <tipler:WebAdresi>https://tokatism.saglik.gov.tr/</tipler:WebAdresi>
        <tipler:Adres languageID="tur">İl Sağlık Müdürlüğü Hocaahmet Mah. Mesrur Gürgenç Cad. No:4 Merkez/TOKAT</tipler:Adres>
        <tipler:Il languageID="tur">Tokat</tipler:Il>
        <tipler:Ilce languageID="tur">Tokat(Merkez)</tipler:Ilce>
        <tipler:Ulke languageID="tur">Türkiye</tipler:Ulke>
      </tipler:IletisimBilgisi>
      <tipler:BirimKKK>26848227</tipler:BirimKKK>
    </tipler:KurumKurulus>
  </tipler:Olusturan>
  <tipler:IlgiliListesi>
    <tipler:Ilgili>
      <tipler:GercekSahis>
        <tipler:Kisi>
          <tipler:IlkAdi languageID="tur">Emine</tipler:IlkAdi>
          <tipler:Soyadi languageID="tur">ÖZKAVAK ESKİOĞLU</tipler:Soyadi>
          <tipler:IkinciAdi languageID="tur" />
          <tipler:Unvan languageID="tur">Veri Hazırlama Ve Kontrol İşlt.</tipler:Unvan>
          <tipler:OnEk languageID="tur" />
        </tipler:Kisi>
        <tipler:TCKN>43132749508</tipler:TCKN>
        <tipler:Gorev languageID="tur">Veri Hazırlama Ve Kontrol İşlt.</tipler:Gorev>
        <tipler:IletisimBilgisi>
          <tipler:TelefonDiger />
          <tipler:EPosta>e.ozkavakeskioglu@saglik.gov.tr</tipler:EPosta>
          <tipler:Adres languageID="tur" />
          <tipler:Il languageID="tur" />
          <tipler:Ilce languageID="tur" />
          <tipler:Ulke languageID="tur" />
        </tipler:IletisimBilgisi>
      </tipler:GercekSahis>
    </tipler:Ilgili>
  </tipler:IlgiliListesi>
  <tipler:DosyaAdi>Ust_Yazi.pdf</tipler:DosyaAdi>
  <tipler:SdpBilgisi>
    <tipler:AnaSdp>
      <tipler:Kod>659</tipler:Kod>
      <tipler:Ad>Hukukla İlgili Diğer İşler</tipler:Ad>
    </tipler:AnaSdp>
  </tipler:SdpBilgisi>
  <tipler:DogrulamaBilgisi>
    <tipler:DogrulamaAdresi>https://www.turkiye.gov.tr/ebd?eD=a8dcaad7-a2d7-4a62-aaf3-57288aa5410a&amp;eK=5464</tipler:DogrulamaAdresi>
  </tipler:DogrulamaBilgisi>
</UstVeri>