﻿<?xml version="1.0" encoding="utf-8"?>
<PaketOzeti xmlns:xsd="http://www.w3.org/2001/XMLSchema" xmlns:xsi="http://www.w3.org/2001/XMLSchema-instance" Id="AE349527-97EB-4576-A6FB-AECE5AD48A51" xmlns="urn:dpt:eyazisma:schema:xsd:PaketOzeti-2">
  <Reference URI="/Ustveri/Ustveri.xml" Type="http://eyazisma.dpt/bilesen#dahili">
    <DigestItem>
      <DigestMethod Algorithm="http://www.w3.org/2001/04/xmldsig-more#sha384" />
      <DigestValue>VVhFwMAd8HgzJDsko+upPK4GCWR4dkkr54uqnTxwurdseNYL+ZzwtIrJxlP17/3h</DigestValue>
    </DigestItem>
    <DigestItem>
      <DigestMethod Algorithm="http://www.w3.org/2001/04/xmlenc#sha512" />
      <DigestValue>CjpoywSBf8TDajDtT/b0/QEGu0PTRskPdShFzoPgQduhVcAbU7g0t4SfjDzXwHtXXYVBB1bGUy6IVo9Ko10JAA==</DigestValue>
    </DigestItem>
  </Reference>
  <Reference URI="/UstYazi/ustyazi.pdf" Type="http://eyazisma.dpt/bilesen#dahili">
    <DigestItem>
      <DigestMethod Algorithm="http://www.w3.org/2001/04/xmldsig-more#sha384" />
      <DigestValue>tmgZhOhTceZ4I9tM5zIV88Hp5p0CmJ5N/BWFIPVj/C+mKk8ganY9eAZLsLd56UdA</DigestValue>
    </DigestItem>
    <DigestItem>
      <DigestMethod Algorithm="http://www.w3.org/2001/04/xmlenc#sha512" />
      <DigestValue>BsZd2kNp7WGCISi+19NI4nKNfDjDRIFY0krUgueXN6q00yS5saMdFon9c0kNqwXgWnKB+lhca4oqOofl9Ml/dQ==</DigestValue>
    </DigestItem>
  </Reference>
</PaketOzeti>