﻿<?xml version="1.0" encoding="utf-8"?>
<PaketOzeti xmlns:xsd="http://www.w3.org/2001/XMLSchema" xmlns:xsi="http://www.w3.org/2001/XMLSchema-instance" Id="B4D478C5-7748-4557-A4EF-D426F263D52C" xmlns="urn:dpt:eyazisma:schema:xsd:PaketOzeti-2">
  <Reference Type="http://eyazisma.dpt/bilesen#dahili" URI="/Ustveri/Ustveri.xml">
    <DigestItem>
      <DigestMethod Algorithm="http://www.w3.org/2001/04/xmldsig-more#sha384" />
      <DigestValue>yGkoduN6rwGihozqIgZiTJW3F2QxIOs18wxpnOq7letrEir8zWX0drYNjDX2kiN4</DigestValue>
    </DigestItem>
    <DigestItem>
      <DigestMethod Algorithm="http://www.w3.org/2001/04/xmlenc#sha512" />
      <DigestValue>eIy3BWR3t33cRiHs+5Yj4sz5hFneTv1viI9xZaJVhNltqGwyMKToHduzpYTCbEGY/AzFgK6PzjvGSiUcyW9uGQ==</DigestValue>
    </DigestItem>
  </Reference>
  <Reference Type="http://eyazisma.dpt/bilesen#dahili" URI="/UstYazi/ustyazi.pdf">
    <DigestItem>
      <DigestMethod Algorithm="http://www.w3.org/2001/04/xmldsig-more#sha384" />
      <DigestValue>VGgcgiFmAmgJN6J9kgigXgzPO2NqTo25V5+xS/PTZnyVxBIdE9k4Y0tQqHztXt8P</DigestValue>
    </DigestItem>
    <DigestItem>
      <DigestMethod Algorithm="http://www.w3.org/2001/04/xmlenc#sha512" />
      <DigestValue>ef+LeMWOmhud/46W2R6mFfVyE2poqEVsBxQ95d87W7bsz8e6JsjO9faRAbHNbwmpqd/8qzOmGXDT0ZfNEG6hiQ==</DigestValue>
    </DigestItem>
  </Reference>
  <Reference Type="http://eyazisma.dpt/bilesen#dahili" URI="/Ekler/ILHANKULMACKIMLIK.tiff">
    <DigestItem>
      <DigestMethod Algorithm="http://www.w3.org/2001/04/xmldsig-more#sha384" />
      <DigestValue>VumyyegVA7fPq+5BP5x2lS3k/SUZfxvbNTXpuX6KvfRxwq1Zc/dlxiHYaDDvhmdh</DigestValue>
    </DigestItem>
    <DigestItem>
      <DigestMethod Algorithm="http://www.w3.org/2001/04/xmlenc#sha512" />
      <DigestValue>bP7IUzEt04zK2IQDgnnOWJ+gyEKitbRLID+vfDs9M52nRPCda7J+vfqhwJna1re4mj4XfpygSSD7rOXKkObvTQ==</DigestValue>
    </DigestItem>
  </Reference>
  <Reference Type="http://eyazisma.dpt/bilesen#dahili" URI="/Ekler/00158007323183638.xlsx">
    <DigestItem>
      <DigestMethod Algorithm="http://www.w3.org/2001/04/xmldsig-more#sha384" />
      <DigestValue>Rjewlpuw7OYAgSSN81XKTksyxCHMy/9Kvr6lY9W6Ske0kNXafPUgQf9CkbKqS3TK</DigestValue>
    </DigestItem>
    <DigestItem>
      <DigestMethod Algorithm="http://www.w3.org/2001/04/xmlenc#sha512" />
      <DigestValue>vQS510rQao5p5VK/r7ZLQ7rRaRAZGP5strneyOX7zvTgi/AqQzMmyKUwQ3BjKf1+N/tDO9YJnilJ5l5957gGxQ==</DigestValue>
    </DigestItem>
  </Reference>
</PaketOzeti>