﻿<?xml version="1.0" encoding="utf-8"?>
<NihaiOzet xmlns:xsd="http://www.w3.org/2001/XMLSchema" xmlns:xsi="http://www.w3.org/2001/XMLSchema-instance" Id="B4D478C5-7748-4557-A4EF-D426F263D52C" xmlns="urn:dpt:eyazisma:schema:xsd:NihaiOzet-2">
  <Reference Type="http://eyazisma.dpt/bilesen#dahili" URI="/Ustveri/Ustveri.xml" xmlns="urn:dpt:eyazisma:schema:xsd:PaketOzeti-2">
    <DigestItem>
      <DigestMethod Algorithm="http://www.w3.org/2001/04/xmldsig-more#sha384" />
      <DigestValue>yGkoduN6rwGihozqIgZiTJW3F2QxIOs18wxpnOq7letrEir8zWX0drYNjDX2kiN4</DigestValue>
    </DigestItem>
    <DigestItem>
      <DigestMethod Algorithm="http://www.w3.org/2001/04/xmlenc#sha512" />
      <DigestValue>eIy3BWR3t33cRiHs+5Yj4sz5hFneTv1viI9xZaJVhNltqGwyMKToHduzpYTCbEGY/AzFgK6PzjvGSiUcyW9uGQ==</DigestValue>
    </DigestItem>
  </Reference>
  <Reference Type="http://eyazisma.dpt/bilesen#dahili" URI="/UstYazi/ustyazi.pdf" xmlns="urn:dpt:eyazisma:schema:xsd:PaketOzeti-2">
    <DigestItem>
      <DigestMethod Algorithm="http://www.w3.org/2001/04/xmldsig-more#sha384" />
      <DigestValue>VGgcgiFmAmgJN6J9kgigXgzPO2NqTo25V5+xS/PTZnyVxBIdE9k4Y0tQqHztXt8P</DigestValue>
    </DigestItem>
    <DigestItem>
      <DigestMethod Algorithm="http://www.w3.org/2001/04/xmlenc#sha512" />
      <DigestValue>ef+LeMWOmhud/46W2R6mFfVyE2poqEVsBxQ95d87W7bsz8e6JsjO9faRAbHNbwmpqd/8qzOmGXDT0ZfNEG6hiQ==</DigestValue>
    </DigestItem>
  </Reference>
  <Reference Type="http://eyazisma.dpt/bilesen#dahili" URI="/PaketOzeti/PaketOzeti.xml" xmlns="urn:dpt:eyazisma:schema:xsd:PaketOzeti-2">
    <DigestItem>
      <DigestMethod Algorithm="http://www.w3.org/2001/04/xmldsig-more#sha384" />
      <DigestValue>pVPGl442V42nvDjuVnGuXFWF0JMLiRv0z5cWou2uBpRRjngxlR8r+bgasN6BIElJ</DigestValue>
    </DigestItem>
    <DigestItem>
      <DigestMethod Algorithm="http://www.w3.org/2001/04/xmlenc#sha512" />
      <DigestValue>kxxGx6tduEE0/vhQdEQFzDHYlhWEKJU0ctpOijImrIOyxgVrs7e2j0u+Qd9hTxbTMocclTSC+UXv4tPW1/Inqw==</DigestValue>
    </DigestItem>
  </Reference>
  <Reference Type="http://eyazisma.dpt/bilesen#dahili" URI="/Imzalar/ImzaCades.imz" xmlns="urn:dpt:eyazisma:schema:xsd:PaketOzeti-2">
    <DigestItem>
      <DigestMethod Algorithm="http://www.w3.org/2001/04/xmldsig-more#sha384" />
      <DigestValue>ZjpxjLUaVifemQZcjLZQ0u19DwoI3L125h16OoLGMCEzJKl+ZTHu3AvMTTHLYild</DigestValue>
    </DigestItem>
    <DigestItem>
      <DigestMethod Algorithm="http://www.w3.org/2001/04/xmlenc#sha512" />
      <DigestValue>ymSDSbsf27Uc0lCqHeDIWaR9za3xMoy8rSk7tW2JGSOFz158Pp/+UI13JH2RGLohpyrQAazIfFYXbr6hR6taUQ==</DigestValue>
    </DigestItem>
  </Reference>
  <Reference Type="http://eyazisma.dpt/bilesen#dahili" URI="/NihaiUstveri/NihaiUstveri.xml" xmlns="urn:dpt:eyazisma:schema:xsd:PaketOzeti-2">
    <DigestItem>
      <DigestMethod Algorithm="http://www.w3.org/2001/04/xmldsig-more#sha384" />
      <DigestValue>iHaHxSkFD5FKF64DwF65aflgb5STamyzP0zQVmWK5GCuKytOlGi2ex0bzxWQsSw8</DigestValue>
    </DigestItem>
    <DigestItem>
      <DigestMethod Algorithm="http://www.w3.org/2001/04/xmlenc#sha512" />
      <DigestValue>hrJ7P0sjMH/gyEgTNc7E8d1Liol1OPOsTm3U41I6xR9P2PY93uB2iOvoQUErZuGgUBmniGz2SsKQ+nPlwVEQZQ==</DigestValue>
    </DigestItem>
  </Reference>
  <Reference Type="http://eyazisma.dpt/bilesen#dahili" URI="/Ekler/ILHANKULMACKIMLIK.tiff" xmlns="urn:dpt:eyazisma:schema:xsd:PaketOzeti-2">
    <DigestItem>
      <DigestMethod Algorithm="http://www.w3.org/2001/04/xmldsig-more#sha384" />
      <DigestValue>VumyyegVA7fPq+5BP5x2lS3k/SUZfxvbNTXpuX6KvfRxwq1Zc/dlxiHYaDDvhmdh</DigestValue>
    </DigestItem>
    <DigestItem>
      <DigestMethod Algorithm="http://www.w3.org/2001/04/xmlenc#sha512" />
      <DigestValue>bP7IUzEt04zK2IQDgnnOWJ+gyEKitbRLID+vfDs9M52nRPCda7J+vfqhwJna1re4mj4XfpygSSD7rOXKkObvTQ==</DigestValue>
    </DigestItem>
  </Reference>
  <Reference Type="http://eyazisma.dpt/bilesen#dahili" URI="/Ekler/00158007323183638.xlsx" xmlns="urn:dpt:eyazisma:schema:xsd:PaketOzeti-2">
    <DigestItem>
      <DigestMethod Algorithm="http://www.w3.org/2001/04/xmldsig-more#sha384" />
      <DigestValue>Rjewlpuw7OYAgSSN81XKTksyxCHMy/9Kvr6lY9W6Ske0kNXafPUgQf9CkbKqS3TK</DigestValue>
    </DigestItem>
    <DigestItem>
      <DigestMethod Algorithm="http://www.w3.org/2001/04/xmlenc#sha512" />
      <DigestValue>vQS510rQao5p5VK/r7ZLQ7rRaRAZGP5strneyOX7zvTgi/AqQzMmyKUwQ3BjKf1+N/tDO9YJnilJ5l5957gGxQ==</DigestValue>
    </DigestItem>
  </Reference>
  <Reference Type="http://eyazisma.dpt/bilesen#dahili" URI="/package/services/metadata/core-properties/a1fb94e648174b6fa8d7afc399cadbbd.psmdcp" xmlns="urn:dpt:eyazisma:schema:xsd:PaketOzeti-2">
    <DigestItem>
      <DigestMethod Algorithm="http://www.w3.org/2001/04/xmldsig-more#sha384" />
      <DigestValue>mGvgnR7WUIzWc0SdMiSNj6YGBeH5v254XvlUQycwUGef2h9sWbgN0FQKRkuGXvcI</DigestValue>
    </DigestItem>
    <DigestItem>
      <DigestMethod Algorithm="http://www.w3.org/2001/04/xmlenc#sha512" />
      <DigestValue>9yROQRQU8Ly1YGVHemMgrkANQh5byly7H7iawG+Rhz3+bc4HhMdMr9ksE6JhJCTNOJ+RAZ++/YPvm9In5LS6Bg==</DigestValue>
    </DigestItem>
  </Reference>
</NihaiOzet>