﻿<?xml version="1.0" encoding="utf-8"?>
<UstVeri xmlns:tipler="urn:dpt:eyazisma:schema:xsd:Tipler-2" xmlns="urn:dpt:eyazisma:schema:xsd:Ustveri-2">
  <tipler:BelgeId>B4D478C5-7748-4557-A4EF-D426F263D52C</tipler:BelgeId>
  <tipler:Konu>Vakıfbank Bilgi Talebi Cevabı</tipler:Konu>
  <tipler:GuvenlikKodu>HZO</tipler:GuvenlikKodu>
  <tipler:GuvenlikKoduGecerlilikTarihi>2033-12-16T18:28:07.1216678+03:00</tipler:GuvenlikKoduGecerlilikTarihi>
  <tipler:MimeTuru>application/pdf</tipler:MimeTuru>
  <tipler:OzId schemeID="GUID">2FB82D08-4535-4F40-AA84-86F3B0E8CDB0</tipler:OzId>
  <tipler:DagitimListesi>
    <tipler:Dagitim>
      <tipler:KurumKurulus>
        <tipler:KKK>36739490</tipler:KKK>
        <tipler:Adi>TOKAT İCRA HUKUK MAHKEMESİ</tipler:Adi>
      </tipler:KurumKurulus>
      <tipler:Ivedilik>NRM</tipler:Ivedilik>
      <tipler:DagitimTuru>BLG</tipler:DagitimTuru>
    </tipler:Dagitim>
  </tipler:DagitimListesi>
  <tipler:Ekler>
    <tipler:Ek>
      <tipler:Id Value="3B9E3ABE-99B8-4883-B911-FF6D80DA50C7" />
      <tipler:BelgeNo>1451420</tipler:BelgeNo>
      <tipler:Tur>DED</tipler:Tur>
      <tipler:DosyaAdi>ILHANKULMACKIMLIK.tiff</tipler:DosyaAdi>
      <tipler:MimeTuru>image/tiff</tipler:MimeTuru>
      <tipler:Ad>ILHANKULMACKIMLIK.tiff</tipler:Ad>
      <tipler:SiraNo>1</tipler:SiraNo>
      <tipler:Aciklama />
      <tipler:OzId schemeID="GUID">d7a3c085-ae81-46dd-b780-f7aa9ee731f7</tipler:OzId>
      <tipler:ImzaliMi>true</tipler:ImzaliMi>
    </tipler:Ek>
    <tipler:Ek>
      <tipler:Id Value="5A332AD8-8A3E-43A3-A19B-3FF28FC94A40" />
      <tipler:BelgeNo>1451421</tipler:BelgeNo>
      <tipler:Tur>DED</tipler:Tur>
      <tipler:DosyaAdi>00158007323183638.xlsx</tipler:DosyaAdi>
      <tipler:MimeTuru>application/vnd.openxmlformats-officedocument.spreadsheetml.sheet</tipler:MimeTuru>
      <tipler:Ad>00158007323183638.xlsx</tipler:Ad>
      <tipler:SiraNo>2</tipler:SiraNo>
      <tipler:Aciklama />
      <tipler:OzId schemeID="GUID">6efbb591-0330-4102-9820-a63900a2dccd</tipler:OzId>
      <tipler:ImzaliMi>true</tipler:ImzaliMi>
    </tipler:Ek>
  </tipler:Ekler>
  <tipler:Dil>tur</tipler:Dil>
  <tipler:Olusturan>
    <tipler:KurumKurulus>
      <tipler:KKK>19359074</tipler:KKK>
      <tipler:Adi>Türkiye Vakıflar Bankası Bankası T.A.O</tipler:Adi>
      <tipler:IletisimBilgisi>
        <tipler:Telefon>02167241000</tipler:Telefon>
        <tipler:EPosta>vakifbanktao@hs01.kep.tr</tipler:EPosta>
        <tipler:Faks>02167243909</tipler:Faks>
        <tipler:WebAdresi>www.vakifbank.com.tr</tipler:WebAdresi>
        <tipler:Adres>Saray Mahallesi Dr. Adnan Büyükdeniz CaddesiNo:7/A-B 34768 Ümraniye/İstanbul</tipler:Adres>
        <tipler:Il>İSTANBUL</tipler:Il>
        <tipler:Ilce>ÜMRANİYE</tipler:Ilce>
        <tipler:Ulke>TÜRKİYE</tipler:Ulke>
      </tipler:IletisimBilgisi>
    </tipler:KurumKurulus>
  </tipler:Olusturan>
  <tipler:DosyaAdi>ustyazi.pdf</tipler:DosyaAdi>
  <tipler:DogrulamaBilgisi>
    <tipler:DogrulamaAdresi>https://www.vakifbank.com.tr/</tipler:DogrulamaAdresi>
  </tipler:DogrulamaBilgisi>
</UstVeri>