﻿<?xml version="1.0" encoding="utf-8"?>
<UstVeri xmlns:tipler="urn:dpt:eyazisma:schema:xsd:Tipler-2" xmlns="urn:dpt:eyazisma:schema:xsd:Ustveri-2">
  <tipler:BelgeId>AE349527-97EB-4576-A6FB-AECE5AD48A51</tipler:BelgeId>
  <tipler:Konu>İcra</tipler:Konu>
  <tipler:GuvenlikKodu>HZO</tipler:GuvenlikKodu>
  <tipler:GuvenlikKoduGecerlilikTarihi>2033-12-25T19:02:23.8347164+03:00</tipler:GuvenlikKoduGecerlilikTarihi>
  <tipler:MimeTuru>application/pdf</tipler:MimeTuru>
  <tipler:OzId schemeID="GUID">FD1DB588-F7A0-4332-A76D-FBB01687F2A7</tipler:OzId>
  <tipler:DagitimListesi>
    <tipler:Dagitim>
      <tipler:KurumKurulus>
        <tipler:KKK>73536742</tipler:KKK>
        <tipler:Adi>TOKAT ICRA MÜDÜRLÜGÜ</tipler:Adi>
      </tipler:KurumKurulus>
      <tipler:Ivedilik>NRM</tipler:Ivedilik>
      <tipler:DagitimTuru>BLG</tipler:DagitimTuru>
    </tipler:Dagitim>
  </tipler:DagitimListesi>
  <tipler:Dil>tur</tipler:Dil>
  <tipler:Olusturan>
    <tipler:KurumKurulus>
      <tipler:KKK>19359074</tipler:KKK>
      <tipler:Adi>Türkiye Vakıflar Bankası Bankası T.A.O</tipler:Adi>
      <tipler:IletisimBilgisi>
        <tipler:Telefon>02167241000</tipler:Telefon>
        <tipler:EPosta>vakifbanktao@hs01.kep.tr</tipler:EPosta>
        <tipler:Faks>02167243909</tipler:Faks>
        <tipler:WebAdresi>www.vakifbank.com.tr</tipler:WebAdresi>
        <tipler:Adres>Saray Mahallesi Dr. Adnan Büyükdeniz CaddesiNo:7/A-B 34768 Ümraniye/İstanbul</tipler:Adres>
        <tipler:Il>İSTANBUL</tipler:Il>
        <tipler:Ilce>ÜMRANİYE</tipler:Ilce>
        <tipler:Ulke>TÜRKİYE</tipler:Ulke>
      </tipler:IletisimBilgisi>
    </tipler:KurumKurulus>
  </tipler:Olusturan>
  <tipler:DosyaAdi>ustyazi.pdf</tipler:DosyaAdi>
  <tipler:DogrulamaBilgisi>
    <tipler:DogrulamaAdresi>https://www.vakifbank.com.tr/</tipler:DogrulamaAdresi>
  </tipler:DogrulamaBilgisi>
</UstVeri>