﻿<?xml version="1.0" encoding="utf-8"?>
<NihaiUstVeri xmlns:tipler="urn:dpt:eyazisma:schema:xsd:Tipler-2" xmlns="urn:dpt:eyazisma:schema:xsd:NihaiUstveri-2">
  <tipler:Tarih>2024-01-09T11:31:31.082984</tipler:Tarih>
  <tipler:BelgeNo>E-26848227-659-233733726</tipler:BelgeNo>
  <tipler:BelgeImzalar>
    <tipler:Imza>
      <tipler:Imzalayan>
        <tipler:Kisi>
          <tipler:IlkAdi languageID="tur">Cengiz</tipler:IlkAdi>
          <tipler:Soyadi languageID="tur">YAKIT</tipler:Soyadi>
          <tipler:IkinciAdi languageID="tur" />
          <tipler:Unvan languageID="tur">Başkan</tipler:Unvan>
          <tipler:OnEk languageID="tur">Uzm. Dr.</tipler:OnEk>
        </tipler:Kisi>
        <tipler:TCKN>37690192906</tipler:TCKN>
        <tipler:Gorev languageID="tur">Başkan</tipler:Gorev>
        <tipler:IletisimBilgisi>
          <tipler:TelefonDiger>05324255911</tipler:TelefonDiger>
          <tipler:Adres languageID="tur" />
          <tipler:Il languageID="tur" />
          <tipler:Ilce languageID="tur" />
          <tipler:Ulke languageID="tur" />
        </tipler:IletisimBilgisi>
      </tipler:Imzalayan>
      <tipler:VekaletVeren>
        <tipler:Kisi>
          <tipler:IlkAdi languageID="tur">Atilla</tipler:IlkAdi>
          <tipler:Soyadi languageID="tur">BIYIK</tipler:Soyadi>
          <tipler:IkinciAdi languageID="tur" />
          <tipler:Unvan languageID="tur">İl Sağlık Müdürü</tipler:Unvan>
          <tipler:OnEk languageID="tur">Uzm. Dr.</tipler:OnEk>
        </tipler:Kisi>
        <tipler:TCKN>39121491718</tipler:TCKN>
        <tipler:Gorev languageID="tur">İl Sağlık Müdürü</tipler:Gorev>
        <tipler:IletisimBilgisi>
          <tipler:Telefon />
          <tipler:TelefonDiger />
          <tipler:EPosta>atilla.biyik@saglik.gov.tr</tipler:EPosta>
          <tipler:KepAdresi />
          <tipler:Faks />
          <tipler:WebAdresi />
          <tipler:Adres languageID="tur" />
          <tipler:Il languageID="tur" />
          <tipler:Ilce languageID="tur" />
          <tipler:Ulke languageID="tur" />
        </tipler:IletisimBilgisi>
      </tipler:VekaletVeren>
      <tipler:Makam languageID="tur">Başkan</tipler:Makam>
      <tipler:Amac languageID="tur">Onay</tipler:Amac>
      <tipler:Aciklama languageID="tur" />
      <tipler:Tarih>2024-01-09T13:43:38.5139457+03:00</tipler:Tarih>
    </tipler:Imza>
  </tipler:BelgeImzalar>
</NihaiUstVeri>