﻿<?xml version="1.0" encoding="utf-8"?>
<NihaiUstVeri xmlns:tipler="urn:dpt:eyazisma:schema:xsd:Tipler-2" xmlns="urn:dpt:eyazisma:schema:xsd:NihaiUstveri-2">
  <tipler:Tarih>2023-12-20T11:21:46.6667623+03:00</tipler:Tarih>
  <tipler:BelgeNo>1855432419</tipler:BelgeNo>
  <tipler:BelgeImzalar>
    <tipler:Imza>
      <tipler:Imzalayan>
        <tipler:Kisi>
          <tipler:IlkAdi>Can</tipler:IlkAdi>
          <tipler:Soyadi>Yurday</tipler:Soyadi>
          <tipler:IkinciAdi />
        </tipler:Kisi>
        <tipler:TCKN>26659744294</tipler:TCKN>
        <tipler:IletisimBilgisi>
          <tipler:EPosta>yapikredi@yapikredi.hs02.kep.tr</tipler:EPosta>
        </tipler:IletisimBilgisi>
      </tipler:Imzalayan>
      <tipler:Tarih>2023-12-20T11:21:46.6667632+03:00</tipler:Tarih>
    </tipler:Imza>
  </tipler:BelgeImzalar>
</NihaiUstVeri>