﻿<?xml version="1.0" encoding="utf-8"?>
<UstVeri xmlns:tipler="urn:dpt:eyazisma:schema:xsd:Tipler-2" xmlns="urn:dpt:eyazisma:schema:xsd:Ustveri-2">
  <tipler:BelgeId>C74FEE07-A0AE-4DC6-A4D2-877178394AB0</tipler:BelgeId>
  <tipler:Konu>E-YazışmaPaketi</tipler:Konu>
  <tipler:GuvenlikKodu>HZO</tipler:GuvenlikKodu>
  <tipler:GuvenlikKoduGecerlilikTarihi>2033-12-20T11:21:45.7424497+03:00</tipler:GuvenlikKoduGecerlilikTarihi>
  <tipler:MimeTuru>application/pdf</tipler:MimeTuru>
  <tipler:OzId schemeID="GUID">30EB4C2D-D1E1-4E88-B621-17D33951E275</tipler:OzId>
  <tipler:DagitimListesi>
    <tipler:Dagitim>
      <tipler:KurumKurulus>
        <tipler:KKK>73536742</tipler:KKK>
        <tipler:Adi>Tokat İcra Dairesi</tipler:Adi>
      </tipler:KurumKurulus>
      <tipler:Ivedilik>ACL</tipler:Ivedilik>
      <tipler:DagitimTuru>GRG</tipler:DagitimTuru>
    </tipler:Dagitim>
  </tipler:DagitimListesi>
  <tipler:Dil>tur</tipler:Dil>
  <tipler:Olusturan>
    <tipler:TuzelSahis>
      <tipler:Id schemeID="VERGI_NO">9370020892</tipler:Id>
      <tipler:Adi>Yapı ve Kredi Bankası A.Ş.</tipler:Adi>
      <tipler:IletisimBilgisi>
        <tipler:EPosta>yapikredi@yapikredi.hs02.kep.tr</tipler:EPosta>
      </tipler:IletisimBilgisi>
    </tipler:TuzelSahis>
  </tipler:Olusturan>
  <tipler:DosyaAdi>1855432419.pdf</tipler:DosyaAdi>
  <tipler:DogrulamaBilgisi>
    <tipler:DogrulamaAdresi>www.yapikredi.com.tr</tipler:DogrulamaAdresi>
  </tipler:DogrulamaBilgisi>
</UstVeri>