﻿<?xml version="1.0" encoding="utf-8"?>
<ParafOzeti xmlns:xsi="http://www.w3.org/2001/XMLSchema-instance" xmlns:xsd="http://www.w3.org/2001/XMLSchema" Id="A8DCAAD7-A2D7-4A62-AAF3-57288AA5410A" xmlns="urn:dpt:eyazisma:schema:xsd:ParafOzeti-2">
  <Reference URI="/Ustveri/Ustveri.xml" Type="http://eyazisma.dpt/bilesen#dahili" xmlns="urn:dpt:eyazisma:schema:xsd:PaketOzeti-2">
    <DigestItem>
      <DigestMethod Algorithm="http://www.w3.org/2001/04/xmldsig-more#sha384" />
      <DigestValue>KhMR9N6d+iMBlJXJPeG/y7gnyMYFAjfItOC1GtEfiOlgNU86iHIwdiR8RP6QCl9l</DigestValue>
    </DigestItem>
    <DigestItem>
      <DigestMethod Algorithm="http://www.w3.org/2001/04/xmlenc#sha512" />
      <DigestValue>rNK3xVNyo2xtoXq9/LbrPXpeAQ/MP7dDf2J/Kqr0i6RRhxt3FiwluPbYnqFxt2/aed+uhpNhC31E377ZDN4dMQ==</DigestValue>
    </DigestItem>
  </Reference>
  <Reference URI="/UstYazi/Ust_Yazi.pdf" Type="http://eyazisma.dpt/bilesen#dahili" xmlns="urn:dpt:eyazisma:schema:xsd:PaketOzeti-2">
    <DigestItem>
      <DigestMethod Algorithm="http://www.w3.org/2001/04/xmldsig-more#sha384" />
      <DigestValue>jKkgp7zbL32/6Aug1WFlQahI9St1nCdIG4sxhi4973RQB1389crRBM86xAibMdTK</DigestValue>
    </DigestItem>
    <DigestItem>
      <DigestMethod Algorithm="http://www.w3.org/2001/04/xmlenc#sha512" />
      <DigestValue>mPawvxJowlIs3871OQ253IpyDeMpnu2MrvX3Yf0RC8bF5uUgRirBst8ghhFICC/QbGl3fameo0fH/lOLmVzxhQ==</DigestValue>
    </DigestItem>
  </Reference>
</ParafOzeti>