﻿<?xml version="1.0" encoding="utf-8"?>
<Ustveri xmlns:tipler="urn:dpt:eyazisma:schema:xsd:Tipler-1" xmlns="urn:dpt:eyazisma:schema:xsd:Ustveri-1">
  <tipler:BelgeId>BABAA493-7E38-4944-8101-C44AE5AC76FB</tipler:BelgeId>
  <tipler:Konu>01.01.0001 00:00:00 7000HAO2303410475</tipler:Konu>
  <tipler:Tarih>2023-12-20T14:06:23.0862784+03:00</tipler:Tarih>
  <tipler:BelgeNo>24687673-111-7000HAO2303410475</tipler:BelgeNo>
  <tipler:GuvenlikKodu>TSD</tipler:GuvenlikKodu>
  <tipler:GuvenlikKoduGecerlilikTarihi>2033-12-20T14:06:23.0862784+03:00</tipler:GuvenlikKoduGecerlilikTarihi>
  <tipler:MimeTuru>application/pdf</tipler:MimeTuru>
  <tipler:OzId schemeID="GUID">EEB2C927-6028-4939-925F-E4943027C0F2</tipler:OzId>
  <tipler:DagitimListesi>
    <tipler:Dagitim>
      <tipler:KurumKurulus>
        <tipler:KKK>73536742</tipler:KKK>
        <tipler:Adi>TOKAT İCRA DAİRESİ MÜDÜRLÜĞÜ</tipler:Adi>
      </tipler:KurumKurulus>
      <tipler:Ivedilik>NRM</tipler:Ivedilik>
      <tipler:DagitimTuru>GRG</tipler:DagitimTuru>
    </tipler:Dagitim>
  </tipler:DagitimListesi>
  <tipler:Dil>tur</tipler:Dil>
  <tipler:Olusturan>
    <tipler:KurumKurulus>
      <tipler:KKK>24687673</tipler:KKK>
      <tipler:Adi>T.C.Ziraat Bankası A.Ş </tipler:Adi>
    </tipler:KurumKurulus>
  </tipler:Olusturan>
  <tipler:DosyaAdi>7000HAO2303410475</tipler:DosyaAdi>
</Ustveri>