﻿<?xml version="1.0" encoding="utf-8"?>
<NihaiUstVeri xmlns:tipler="urn:dpt:eyazisma:schema:xsd:Tipler-2" xmlns="urn:dpt:eyazisma:schema:xsd:NihaiUstveri-2">
  <tipler:Tarih>2023-12-25T19:02:23.8347164+03:00</tipler:Tarih>
  <tipler:BelgeNo>11558495</tipler:BelgeNo>
  <tipler:BelgeImzalar>
    <tipler:Imza>
      <tipler:Imzalayan>
        <tipler:Kisi>
          <tipler:IlkAdi>SEZEN SARIGÜL</tipler:IlkAdi>
          <tipler:Soyadi>AKYOL</tipler:Soyadi>
          <tipler:OnEk />
        </tipler:Kisi>
        <tipler:TCKN>44725094432</tipler:TCKN>
        <tipler:Gorev>YETKİLİ</tipler:Gorev>
      </tipler:Imzalayan>
      <tipler:Makam>YETKİLİ</tipler:Makam>
      <tipler:Amac />
      <tipler:Aciklama />
      <tipler:Tarih>2023-12-25T19:02:23.8347164+03:00</tipler:Tarih>
    </tipler:Imza>
  </tipler:BelgeImzalar>
</NihaiUstVeri>