﻿<?xml version="1.0" encoding="utf-8"?>
<NihaiOzet xmlns:xsd="http://www.w3.org/2001/XMLSchema" xmlns:xsi="http://www.w3.org/2001/XMLSchema-instance" Id="BABAA493-7E38-4944-8101-C44AE5AC76FB" xmlns="urn:dpt:eyazisma:schema:xsd:NihaiOzet-1">
  <Reference URI="/UstYazi/7000HAO2303410475" Type="http://eyazisma.dpt/bilesen#dahili" xmlns="urn:dpt:eyazisma:schema:xsd:PaketOzeti-1">
    <DigestMethod Algorithm="http://www.w3.org/2001/04/xmlenc#sha256" />
    <DigestValue>c6w9F7G6H5ysvXaPb2Y1MSJwD6XUu51w9k4lAGvT4RM=</DigestValue>
  </Reference>
  <Reference URI="/package/services/metadata/core-properties/406903fd5d584e068fb008081eed9d21.psmdcp" Type="http://eyazisma.dpt/bilesen#dahili" xmlns="urn:dpt:eyazisma:schema:xsd:PaketOzeti-1">
    <DigestMethod Algorithm="http://www.w3.org/2001/04/xmlenc#sha256" />
    <DigestValue>ePxALzSyRCXmTQniqMqeWCeI4tGVmHxqTrd7vj7oGX0=</DigestValue>
  </Reference>
  <Reference URI="/Ustveri/Ustveri.xml" Type="http://eyazisma.dpt/bilesen#dahili" xmlns="urn:dpt:eyazisma:schema:xsd:PaketOzeti-1">
    <DigestMethod Algorithm="http://www.w3.org/2001/04/xmlenc#sha256" />
    <DigestValue>LbSH42R5Qc4kkNZOt7oam1mL94Cpd3/TkLm1szt4nb4=</DigestValue>
  </Reference>
  <Reference URI="/BelgeHedef/BelgeHedef.xml" Type="http://eyazisma.dpt/bilesen#dahili" xmlns="urn:dpt:eyazisma:schema:xsd:PaketOzeti-1">
    <DigestMethod Algorithm="http://www.w3.org/2001/04/xmlenc#sha256" />
    <DigestValue>MIDgFrKdwIP1PJkJQB0jqjMvDBx8OIAje4jLuZG5O/k=</DigestValue>
  </Reference>
  <Reference URI="/Imzalar/BelgeImza.xml" Type="http://eyazisma.dpt/bilesen#dahili" xmlns="urn:dpt:eyazisma:schema:xsd:PaketOzeti-1">
    <DigestMethod Algorithm="http://www.w3.org/2001/04/xmlenc#sha256" />
    <DigestValue>gs4ALw9nXOyDtG6MINQHPtRAJAv0lZTZIm8vYEgRFM0=</DigestValue>
  </Reference>
  <Reference URI="/PaketOzeti/PaketOzeti.xml" Type="http://eyazisma.dpt/bilesen#dahili" xmlns="urn:dpt:eyazisma:schema:xsd:PaketOzeti-1">
    <DigestMethod Algorithm="http://www.w3.org/2001/04/xmlenc#sha256" />
    <DigestValue>uURMZuo0AeyPE869MzootTDfvuVaHN+8p1yDqxdMWp8=</DigestValue>
  </Reference>
  <Reference URI="/Imzalar/ImzaCades.imz" Type="http://eyazisma.dpt/bilesen#dahili" xmlns="urn:dpt:eyazisma:schema:xsd:PaketOzeti-1">
    <DigestMethod Algorithm="http://www.w3.org/2001/04/xmlenc#sha256" />
    <DigestValue>PMxBnquMCG+dw+OJFlebKRevp5apjLd/SolRwo6agpg=</DigestValue>
  </Reference>
</NihaiOzet>