﻿<?xml version="1.0" encoding="utf-8"?>
<NihaiOzet xmlns:xsi="http://www.w3.org/2001/XMLSchema-instance" xmlns:xsd="http://www.w3.org/2001/XMLSchema" Id="C74FEE07-A0AE-4DC6-A4D2-877178394AB0" xmlns="urn:dpt:eyazisma:schema:xsd:NihaiOzet-2">
  <Reference URI="/Ustveri/Ustveri.xml" Type="http://eyazisma.dpt/bilesen#dahili" xmlns="urn:dpt:eyazisma:schema:xsd:PaketOzeti-2">
    <DigestItem>
      <DigestMethod Algorithm="http://www.w3.org/2001/04/xmldsig-more#sha384" />
      <DigestValue>OLO2y7d9XtDptcTQd567b0dBxW0HKMXOMKeyH6yYpd+xMpk5pUf/chOYEtEFCx1c</DigestValue>
    </DigestItem>
    <DigestItem>
      <DigestMethod Algorithm="http://www.w3.org/2001/04/xmlenc#sha512" />
      <DigestValue>sufssyFjeecEj369Y1Ji+VcmpRILokoOTmR220KC6zoGX5xjf2IkjuZi4vp/WrKkT74W3btqQkrKp6pVBcIbsQ==</DigestValue>
    </DigestItem>
  </Reference>
  <Reference URI="/UstYazi/1855432419.pdf" Type="http://eyazisma.dpt/bilesen#dahili" xmlns="urn:dpt:eyazisma:schema:xsd:PaketOzeti-2">
    <DigestItem>
      <DigestMethod Algorithm="http://www.w3.org/2001/04/xmldsig-more#sha384" />
      <DigestValue>eoA+RIgSCjUQ4Puo7NG5+hu/bOkU/+/LXjHq02HeR3CaMHv5pdmRzvKJO9Y1abqU</DigestValue>
    </DigestItem>
    <DigestItem>
      <DigestMethod Algorithm="http://www.w3.org/2001/04/xmlenc#sha512" />
      <DigestValue>wKk+ZKliEDW0USxjS4Ssw7DNOF/O1fRN6NHM3TPIV/QEkXN77W7IBJJSdT4HvVZsx1PaeL2NdG66OCWi71BKzg==</DigestValue>
    </DigestItem>
  </Reference>
  <Reference URI="/PaketOzeti/PaketOzeti.xml" Type="http://eyazisma.dpt/bilesen#dahili" xmlns="urn:dpt:eyazisma:schema:xsd:PaketOzeti-2">
    <DigestItem>
      <DigestMethod Algorithm="http://www.w3.org/2001/04/xmldsig-more#sha384" />
      <DigestValue>CgjFzDXh1WduLNYipxs3x7ybhYr3qJCRTRtK/kYKEQHZ7D/30KnQTCOZBivvYPQi</DigestValue>
    </DigestItem>
    <DigestItem>
      <DigestMethod Algorithm="http://www.w3.org/2001/04/xmlenc#sha512" />
      <DigestValue>NQGiUMQGbzF2XH1v4/3eN4+evw36lYgFs4NGIpARokcBKJSOuEPOvjVLZgFENkD/uow4C496Evby/iFGT1dfMg==</DigestValue>
    </DigestItem>
  </Reference>
  <Reference URI="/Imzalar/ImzaCades.imz" Type="http://eyazisma.dpt/bilesen#dahili" xmlns="urn:dpt:eyazisma:schema:xsd:PaketOzeti-2">
    <DigestItem>
      <DigestMethod Algorithm="http://www.w3.org/2001/04/xmldsig-more#sha384" />
      <DigestValue>yJFwIR+SDUEHCk+CM8Eet0/XT4IJzwLIAoEACCRQ9JhTnSmfkZRWrEztqF00UJBS</DigestValue>
    </DigestItem>
    <DigestItem>
      <DigestMethod Algorithm="http://www.w3.org/2001/04/xmlenc#sha512" />
      <DigestValue>xzP1sbiG4BGziRZrYRAWaaC+qLKrRZz4wrLTMJH3xMJjOyqe3Lxp9Pn88r3+vzfQb8U4sF8e24tbiJkIjgDxxA==</DigestValue>
    </DigestItem>
  </Reference>
  <Reference URI="/NihaiUstveri/NihaiUstveri.xml" Type="http://eyazisma.dpt/bilesen#dahili" xmlns="urn:dpt:eyazisma:schema:xsd:PaketOzeti-2">
    <DigestItem>
      <DigestMethod Algorithm="http://www.w3.org/2001/04/xmldsig-more#sha384" />
      <DigestValue>BzmvycW+uNgt+0YJYhrwdQYS1NAOOogD9N+hSudEhRDtUrPMunODXfsQE6WPJaj1</DigestValue>
    </DigestItem>
    <DigestItem>
      <DigestMethod Algorithm="http://www.w3.org/2001/04/xmlenc#sha512" />
      <DigestValue>HEMdgvNp2ScyQng0me46RhaN14+s9ZGzOULdVM2CEcuzl2RQSSrmnraQ4IEEKWeLqa1D7XKEYe86Y2WgQKP0aA==</DigestValue>
    </DigestItem>
  </Reference>
  <Reference URI="/package/services/metadata/core-properties/f83b2ece96aa43049402677f8414e374.psmdcp" Type="http://eyazisma.dpt/bilesen#dahili" xmlns="urn:dpt:eyazisma:schema:xsd:PaketOzeti-2">
    <DigestItem>
      <DigestMethod Algorithm="http://www.w3.org/2001/04/xmldsig-more#sha384" />
      <DigestValue>mEz6oR6OQT1a8Lt01eIqFTha3p7gk1FVLNK9peB3NSy/QFc505ePxxiPW86Q6IA8</DigestValue>
    </DigestItem>
    <DigestItem>
      <DigestMethod Algorithm="http://www.w3.org/2001/04/xmlenc#sha512" />
      <DigestValue>cRbIlK0HCdmp04XWAZpHXu4p1yxUoVTYkO1TXKtqXmJT6LHsD2AvWa/+d7NvO3YTnVfjvgLfUkawm6IPz/fr4Q==</DigestValue>
    </DigestItem>
  </Reference>
</NihaiOzet>