﻿<?xml version="1.0" encoding="utf-8"?>
<PaketOzeti xmlns:xsd="http://www.w3.org/2001/XMLSchema" xmlns:xsi="http://www.w3.org/2001/XMLSchema-instance" Id="BABAA493-7E38-4944-8101-C44AE5AC76FB" xmlns="urn:dpt:eyazisma:schema:xsd:PaketOzeti-1">
  <Reference URI="/UstYazi/7000HAO2303410475" Type="http://eyazisma.dpt/bilesen#dahili">
    <DigestMethod Algorithm="http://www.w3.org/2001/04/xmlenc#sha256" />
    <DigestValue>c6w9F7G6H5ysvXaPb2Y1MSJwD6XUu51w9k4lAGvT4RM=</DigestValue>
  </Reference>
  <Reference URI="/Ustveri/Ustveri.xml" Type="http://eyazisma.dpt/bilesen#dahili">
    <DigestMethod Algorithm="http://www.w3.org/2001/04/xmlenc#sha256" />
    <DigestValue>LbSH42R5Qc4kkNZOt7oam1mL94Cpd3/TkLm1szt4nb4=</DigestValue>
  </Reference>
  <Reference URI="/BelgeHedef/BelgeHedef.xml" Type="http://eyazisma.dpt/bilesen#dahili">
    <DigestMethod Algorithm="http://www.w3.org/2001/04/xmlenc#sha256" />
    <DigestValue>MIDgFrKdwIP1PJkJQB0jqjMvDBx8OIAje4jLuZG5O/k=</DigestValue>
  </Reference>
</PaketOzeti>