﻿<?xml version="1.0" encoding="utf-8"?>
<PaketOzeti xmlns:xsi="http://www.w3.org/2001/XMLSchema-instance" xmlns:xsd="http://www.w3.org/2001/XMLSchema" Id="C74FEE07-A0AE-4DC6-A4D2-877178394AB0" xmlns="urn:dpt:eyazisma:schema:xsd:PaketOzeti-2">
  <Reference URI="/Ustveri/Ustveri.xml" Type="http://eyazisma.dpt/bilesen#dahili">
    <DigestItem>
      <DigestMethod Algorithm="http://www.w3.org/2001/04/xmldsig-more#sha384" />
      <DigestValue>OLO2y7d9XtDptcTQd567b0dBxW0HKMXOMKeyH6yYpd+xMpk5pUf/chOYEtEFCx1c</DigestValue>
    </DigestItem>
    <DigestItem>
      <DigestMethod Algorithm="http://www.w3.org/2001/04/xmlenc#sha512" />
      <DigestValue>sufssyFjeecEj369Y1Ji+VcmpRILokoOTmR220KC6zoGX5xjf2IkjuZi4vp/WrKkT74W3btqQkrKp6pVBcIbsQ==</DigestValue>
    </DigestItem>
  </Reference>
  <Reference URI="/UstYazi/1855432419.pdf" Type="http://eyazisma.dpt/bilesen#dahili">
    <DigestItem>
      <DigestMethod Algorithm="http://www.w3.org/2001/04/xmldsig-more#sha384" />
      <DigestValue>eoA+RIgSCjUQ4Puo7NG5+hu/bOkU/+/LXjHq02HeR3CaMHv5pdmRzvKJO9Y1abqU</DigestValue>
    </DigestItem>
    <DigestItem>
      <DigestMethod Algorithm="http://www.w3.org/2001/04/xmlenc#sha512" />
      <DigestValue>wKk+ZKliEDW0USxjS4Ssw7DNOF/O1fRN6NHM3TPIV/QEkXN77W7IBJJSdT4HvVZsx1PaeL2NdG66OCWi71BKzg==</DigestValue>
    </DigestItem>
  </Reference>
</PaketOzeti>