﻿<?xml version="1.0" encoding="utf-8"?>
<NihaiUstVeri xmlns:tipler="urn:dpt:eyazisma:schema:xsd:Tipler-2" xmlns="urn:dpt:eyazisma:schema:xsd:NihaiUstveri-2">
  <tipler:Tarih>2023-12-16T18:28:07.1216678+03:00</tipler:Tarih>
  <tipler:BelgeNo>MVAGDN2312160008</tipler:BelgeNo>
  <tipler:BelgeImzalar>
    <tipler:Imza>
      <tipler:Imzalayan>
        <tipler:Kisi>
          <tipler:IlkAdi>MUSTAFA</tipler:IlkAdi>
          <tipler:Soyadi>KAMAN</tipler:Soyadi>
          <tipler:OnEk />
        </tipler:Kisi>
        <tipler:TCKN>34213870648</tipler:TCKN>
        <tipler:Gorev>YETKİLİ YARDIMCISI</tipler:Gorev>
      </tipler:Imzalayan>
      <tipler:Makam>YETKİLİ YARDIMCISI</tipler:Makam>
      <tipler:Amac />
      <tipler:Aciklama />
      <tipler:Tarih>2023-12-16T18:28:06.4235253+03:00</tipler:Tarih>
    </tipler:Imza>
    <tipler:Imza>
      <tipler:Imzalayan>
        <tipler:Kisi>
          <tipler:IlkAdi>GÜLŞEN</tipler:IlkAdi>
          <tipler:Soyadi>KILIÇ</tipler:Soyadi>
          <tipler:OnEk />
        </tipler:Kisi>
        <tipler:TCKN>38113259114</tipler:TCKN>
        <tipler:Gorev>MÜDÜR YARDIMCISI</tipler:Gorev>
      </tipler:Imzalayan>
      <tipler:Makam>MÜDÜR YARDIMCISI</tipler:Makam>
      <tipler:Amac />
      <tipler:Aciklama />
      <tipler:Tarih>2023-12-16T18:28:06.4235253+03:00</tipler:Tarih>
    </tipler:Imza>
  </tipler:BelgeImzalar>
</NihaiUstVeri>