﻿<?xml version="1.0" encoding="utf-8"?>
<NihaiOzet xmlns:xsi="http://www.w3.org/2001/XMLSchema-instance" xmlns:xsd="http://www.w3.org/2001/XMLSchema" Id="A8DCAAD7-A2D7-4A62-AAF3-57288AA5410A" xmlns="urn:dpt:eyazisma:schema:xsd:NihaiOzet-2">
  <Reference URI="/Ustveri/Ustveri.xml" Type="http://eyazisma.dpt/bilesen#dahili" xmlns="urn:dpt:eyazisma:schema:xsd:PaketOzeti-2">
    <DigestItem>
      <DigestMethod Algorithm="http://www.w3.org/2001/04/xmldsig-more#sha384" />
      <DigestValue>KhMR9N6d+iMBlJXJPeG/y7gnyMYFAjfItOC1GtEfiOlgNU86iHIwdiR8RP6QCl9l</DigestValue>
    </DigestItem>
    <DigestItem>
      <DigestMethod Algorithm="http://www.w3.org/2001/04/xmlenc#sha512" />
      <DigestValue>rNK3xVNyo2xtoXq9/LbrPXpeAQ/MP7dDf2J/Kqr0i6RRhxt3FiwluPbYnqFxt2/aed+uhpNhC31E377ZDN4dMQ==</DigestValue>
    </DigestItem>
  </Reference>
  <Reference URI="/UstYazi/Ust_Yazi.pdf" Type="http://eyazisma.dpt/bilesen#dahili" xmlns="urn:dpt:eyazisma:schema:xsd:PaketOzeti-2">
    <DigestItem>
      <DigestMethod Algorithm="http://www.w3.org/2001/04/xmldsig-more#sha384" />
      <DigestValue>jKkgp7zbL32/6Aug1WFlQahI9St1nCdIG4sxhi4973RQB1389crRBM86xAibMdTK</DigestValue>
    </DigestItem>
    <DigestItem>
      <DigestMethod Algorithm="http://www.w3.org/2001/04/xmlenc#sha512" />
      <DigestValue>mPawvxJowlIs3871OQ253IpyDeMpnu2MrvX3Yf0RC8bF5uUgRirBst8ghhFICC/QbGl3fameo0fH/lOLmVzxhQ==</DigestValue>
    </DigestItem>
  </Reference>
  <Reference URI="/ParafOzeti/ParafOzeti.xml" Type="http://eyazisma.dpt/bilesen#dahili" xmlns="urn:dpt:eyazisma:schema:xsd:PaketOzeti-2">
    <DigestItem>
      <DigestMethod Algorithm="http://www.w3.org/2001/04/xmldsig-more#sha384" />
      <DigestValue>W86kZj9c0Y0IMDkxlRhBGW0eGruXFP6Ol7rEDkwIB7ewmeN3pggYfxWvFQpeMif/</DigestValue>
    </DigestItem>
    <DigestItem>
      <DigestMethod Algorithm="http://www.w3.org/2001/04/xmlenc#sha512" />
      <DigestValue>y14Z9w6otuq5ylfFmIG9Wkmb2n0TorcCrohKFYpKRzEQnfgkpLQVy2/4LfouSKGWirvGj0tSMvSfYx/25ta/wg==</DigestValue>
    </DigestItem>
  </Reference>
  <Reference URI="/PaketOzeti/PaketOzeti.xml" Type="http://eyazisma.dpt/bilesen#dahili" xmlns="urn:dpt:eyazisma:schema:xsd:PaketOzeti-2">
    <DigestItem>
      <DigestMethod Algorithm="http://www.w3.org/2001/04/xmldsig-more#sha384" />
      <DigestValue>PqVfqQmTqm3lYrruO72n8/gQLcmxLeL63HEpvg9RRjVVVCzqPzqs0Fvt9JJZ8dpJ</DigestValue>
    </DigestItem>
    <DigestItem>
      <DigestMethod Algorithm="http://www.w3.org/2001/04/xmlenc#sha512" />
      <DigestValue>r9gHpteWjVyHdhnpu+WYRdtY76mlcWdHyVhbp63sqYOu8nKWmPRyoJ4cglkmoYvYcV/DepOBkIKmx9BptMrKgA==</DigestValue>
    </DigestItem>
  </Reference>
  <Reference URI="/Imzalar/ImzaCades.imz" Type="http://eyazisma.dpt/bilesen#dahili" xmlns="urn:dpt:eyazisma:schema:xsd:PaketOzeti-2">
    <DigestItem>
      <DigestMethod Algorithm="http://www.w3.org/2001/04/xmldsig-more#sha384" />
      <DigestValue>EP+hRl4dV667CuT0usdjEo3gpc+LL+u5tSHjehfX0tNAb8xQM8Ei6W0xTSa9cDCt</DigestValue>
    </DigestItem>
    <DigestItem>
      <DigestMethod Algorithm="http://www.w3.org/2001/04/xmlenc#sha512" />
      <DigestValue>DcIHTwBNl2UuTFlNhApNhXTRYrVgWl/asagvnGNu/v8O0AUXPxlqNC2PQHtEfsxvyBrpNJOD+7FbycFJ2OcETA==</DigestValue>
    </DigestItem>
  </Reference>
  <Reference URI="/NihaiUstveri/NihaiUstveri.xml" Type="http://eyazisma.dpt/bilesen#dahili" xmlns="urn:dpt:eyazisma:schema:xsd:PaketOzeti-2">
    <DigestItem>
      <DigestMethod Algorithm="http://www.w3.org/2001/04/xmldsig-more#sha384" />
      <DigestValue>KOAZejD4+eVRULmGJKlQhu/e6YadQc4jKUqRIEyTRY+0wJhmnp/9txixAEkVgiBL</DigestValue>
    </DigestItem>
    <DigestItem>
      <DigestMethod Algorithm="http://www.w3.org/2001/04/xmlenc#sha512" />
      <DigestValue>SNGGinatgh3A3Kmh7qwMOIPsaA+V65BB0dZfx+34U1zL4N/Aph/wlOPwZjsO6EBHOCGjPilZXuqgbIXHKr82ew==</DigestValue>
    </DigestItem>
  </Reference>
  <Reference URI="/package/services/metadata/core-properties/8d31959c96734d7f902756a4e1d1e311.psmdcp" Type="http://eyazisma.dpt/bilesen#dahili" xmlns="urn:dpt:eyazisma:schema:xsd:PaketOzeti-2">
    <DigestItem>
      <DigestMethod Algorithm="http://www.w3.org/2001/04/xmldsig-more#sha384" />
      <DigestValue>ziY3lfp7xEknSy8lTZnVOARm9VL6b/a2rWkII7I4G5z+8i2ktg/k+x1vklJlSGhi</DigestValue>
    </DigestItem>
    <DigestItem>
      <DigestMethod Algorithm="http://www.w3.org/2001/04/xmlenc#sha512" />
      <DigestValue>MGWw9Qsaq9DYXUiEUxDf7BGRQ2s0Xy502cBVeZtszClwhcJSFBt/eQW/UBOOJRxpRWUQ7263zsQxuQKYBLmN7A==</DigestValue>
    </DigestItem>
  </Reference>
</NihaiOzet>